Index,Co,Cr,Ti,Mo,W,VEC,delta,entropy,han,Tm(K),omiga,AN,Aw,CH,DS,DC,DV,EN,EC,EI,EM,MP,NC,QN,RC,RM,TM,TN,BM,Hv30
2s+12,0.8,0.05,0.05,0.05,0.05,8.3,4.482200514,5.220150107,-6.24,1946.2,1.628117971,29.7,66.12905,5.803,9179.5,0.7465,1.217,1.7555,4.7455,745.005,18.18,62.15,3.835,4.15,1.1825,1.2831,1951.95,31.27,187.23,245
2s+8,0.15,0.05,0.05,0.35,0.4,6.35,4.295635452,7.903766603,-3,2953.05,7.780072656,50.65,120.9521,7.7175,13194.5,0.877,1.439,1.846,7.053,727.015,28.235,56.6,3.8575,5.15,1.2705,1.3821,2958.8,14.31,256.465,249.4
2s+5,0.1,0.05,0.05,0.2,0.6,6.2,3.843509703,6.9532236,-2.11,3167.75,10.43889766,57.8,140.38445,8.3615,15064.5,0.8905,1.463,1.827,7.5905,740.36,30.22,56,4.015,5.4,1.279,1.3911,3173.5,15.74,270.41,325.4
2s+1,0.05,0.05,0.15,0.35,0.4,5.85,3.382429304,7.903766603,-3.72,2969.55,6.309309171,50.15,119.8455,7.6415,12758.5,0.897,1.506,1.86,7.099,716.975,28.485,55.3,3.7825,5.15,1.2865,1.4031,2981.8,11.2,249.155,396
2s+11,0.65,0.2,0.05,0.05,0.05,7.85,4.435757604,7.49481913,-6.84,2000.5,2.192015449,29.25,65.0885,5.7355,8923,0.766,1.2455,1.7975,4.702,729.165,18.885,61.1,3.7525,4.15,1.1855,1.2993,2013.75,26.155,184.005,426.6
1s+32,0.05,0.05,0.75,0.1,0.05,4.65,3.911567817,5.529819281,-7.49,2117.8,1.563558247,26.95,60.2332,5.341,6193.5,0.896,1.702,1.8645,5.189,671.05,20.515,52.65,3.2875,4.2,1.301,1.4375,2169.05,7.77,140.045,431.6
1s+22,0.05,0.1,0.75,0.05,0.05,4.65,4.584463459,6.198862621,-7.92,2079.8,1.627827586,26.05,58.036,5.2485,6042,0.893,1.6955,1.8675,5.053,669.445,20.165,52.7,3.2825,4.15,1.2955,1.4355,2133.55,7.795,134.985,443
1s+18,0.25,0.05,0.1,0.3,0.3,6.55,5.12401318,9.044056951,-6.08,2713.7,4.036654169,44.95,106.05675,7.1825,11876.5,0.8565,1.4205,1.835,6.5035,724.51,25.905,57.25,3.7975,4.9,1.258,1.3696,2722.7,16.365,235.875,446.6
1s+23,0.1,0.05,0.6,0.1,0.15,5.1,4.592465723,8.073796027,-10.99,2284.55,1.678343104,32.4,74.3848,5.882,7881.5,0.887,1.6375,1.8505,5.571,687.27,22.01,53.7,3.445,4.4,1.291,1.4216,2326.05,10.555,163.96,448.4
2s+7,0.05,0.15,0.15,0.3,0.35,5.85,4.38440893,9.031999972,-3.73,2853.9,6.91056963,46.75,111.0556,7.313,12004.5,0.89,1.491,1.8735,6.723,709.51,27.435,55.45,3.7275,5,1.275,1.3987,2871.15,10.46,236.545,456.2
2s+18,0.65,0.15,0.05,0.1,0.05,7.85,4.799868056,7.184544102,-6.95,2038.5,2.107293979,30.15,67.2857,5.828,9074.5,0.769,1.252,1.7945,4.838,730.77,19.235,61.05,3.7575,4.2,1.191,1.3013,2049.25,26.13,189.065,474.2
1s+27,0.05,0.1,0.25,0.3,0.3,5.65,4.119452171,9.044056951,-5.42,2756.55,4.599703909,44.05,104.05,7.046,11137,0.893,1.5305,1.87,6.558,704.17,26.515,54.95,3.6575,4.9,1.283,1.4065,2777.8,9.995,223.835,478.5
1s+28,0.05,0.15,0.05,0.35,0.4,6.05,4.150093062,7.903766603,-1.56,2989.25,15.1450861,50.35,120.2584,7.6725,13023.5,0.89,1.458,1.874,7.024,716.455,28.705,55.9,3.8025,5.15,1.2725,1.3929,3000,10.9,254.315,509.8
1s+31,0.05,0.05,0.05,0.5,0.35,6.05,3.153862575,6.790855118,-1.71,3025.6,12.01544517,50.55,120.2573,7.714,12875.5,0.895,1.469,1.8755,7.192,715.41,29.055,55.85,3.7675,5.2,1.283,1.3965,3031.35,10.06,261.945,523.8
1s+15,0.1,0.1,0.6,0.1,0.1,5.1,5.108382073,8.291310281,-11.16,2206.9,1.639614037,29.9,67.7921,5.646,7279,0.883,1.629,1.861,5.331,681.41,21.31,53.8,3.395,4.3,1.285,1.4192,2250.9,9.79,156.41,538.8
1s+21,0.7,0.05,0.05,0.1,0.1,8,5.163555454,6.480797897,-6.41,2098.05,2.121222781,32.8,74.22525,6.0865,9762.5,0.7665,1.251,1.77,5.0925,741.91,19.7,61.3,3.835,4.3,1.196,1.2983,2103.8,28.6,197.69,546.8
first+13,0.210526316,0.210526316,0.210526316,0.052631579,0.315789474,6.210526316,5.886593628,12.49648961,-8.908587258,2542.736842,3.56681521,40.94736842,96.53810526,6.747368421,10956.84211,0.855789474,1.451578947,1.842105263,5.977894737,714.8263158,24.33684211,56.52631579,3.744736842,4.684210526,1.248947368,1.376,2566.947368,15.71578947,206.6736842,551.2
1s+29,0.05,0.05,0.3,0.3,0.3,5.55,3.619824611,8.496549749,-6.04,2746.7,3.863820066,43.95,103.84355,7.0305,11004.5,0.8965,1.5545,1.863,6.5955,704.43,26.405,54.65,3.6475,4.9,1.29,1.4116,2768.7,10.145,221.255,551.4
1s+25,0.15,0.05,0.2,0.3,0.3,6.05,4.624202303,9.290346569,-7.18,2730.2,3.532660752,44.45,104.95015,7.1065,11440.5,0.8765,1.4875,1.849,6.5495,714.47,26.155,55.95,3.7225,4.9,1.274,1.3906,2745.7,13.255,228.565,552.8
first+3,0.266666667,0.266666667,0.266666667,0,0.2,6.266666667,6.320484556,11.4674358,-12.37333333,2291.533333,2.123761697,34.26666667,79.1156,6.111333333,9349.333333,0.84,1.441333333,1.846,5.337333333,705.7866667,21.96,56.86666667,3.643333333,4.4,1.236,1.368,2322.2,16.05333333,182.1733333,555
2s+4,0.05,0.1,0.15,0.6,0.1,5.85,3.893587603,7.439962732,-3.72,2693.65,5.387273014,39.65,91.2753,6.688,9901,0.888,1.4875,1.908,6.339,689.84,26.035,55.65,3.5075,4.8,1.278,1.3987,2708.4,6.485,229.155,558.4
first+5,0.235294118,0.235294118,0.235294118,0,0.294117647,6.235294118,6.11291574,11.48403281,-10.29757785,2455.235294,2.738119883,38.94117647,91.43729412,6.551176471,10512.94118,0.849411765,1.448235294,1.839411765,5.756470588,713.3411765,23.49411765,56.64705882,3.726470588,4.588235294,1.243529412,1.372705882,2482.294118,16.32941176,197.3294118,560
1s+30,0.05,0.1,0.05,0.65,0.15,6.05,3.651525656,6.770919392,-1.82,2829,10.52468734,43.25,100.4781,7.0475,10920,0.888,1.4545,1.9085,6.64,696.785,27.305,56.1,3.5825,4.95,1.2755,1.3929,2837.25,6.925,246.925,561.4
first+6,0.222222222,0.222222222,0.222222222,0,0.333333333,6.222222222,6.009268768,11.38122051,-9.481481481,2523.444444,3.029049597,40.88888889,96.57133333,6.734444444,10997.77778,0.853333333,1.451111111,1.836666667,5.931111111,716.4888889,24.13333333,56.55555556,3.761111111,4.666666667,1.246666667,1.374666667,2549,16.44444444,203.6444444,576.6
2s+3,0.05,0.05,0.4,0.25,0.25,5.35,3.734654966,8.4192811,-7.09,2611.35,3.10094354,40.35,94.64075,6.671,9985.5,0.8965,1.5875,1.8625,6.2945,697.485,25.135,54.2,3.5725,4.75,1.2925,1.4174,2639.85,9.705,203.485,578.8
1s+9,0.1,0.15,0.6,0.1,0.05,5.1,5.540554787,8.073796027,-11.35,2129.25,1.514637021,27.4,61.1994,5.41,6676.5,0.879,1.6205,1.8715,5.091,675.55,20.61,53.9,3.345,4.2,1.279,1.4168,2175.75,9.025,148.86,580.7
1s+3,0.05,0.3,0.55,0.05,0.05,5.05,6.099644983,8.227330034,-9.04,2119.2,1.928690023,26.45,58.8618,5.3105,6572,0.879,1.5995,1.8955,4.903,668.405,20.605,53.9,3.3225,4.15,1.2675,1.4151,2169.95,7.195,145.305,591.7
2s+24,0.65,0.05,0.05,0.1,0.15,7.85,5.402877674,7.184544102,-6.15,2193.8,2.562837862,35.15,80.4711,6.3,10279.5,0.777,1.269,1.7735,5.318,742.49,20.635,60.85,3.8575,4.4,1.203,1.3061,2199.55,27.66,204.165,600.4
first+12,0.222222222,0.222222222,0.222222222,0.055555556,0.277777778,6.222222222,5.986052021,12.6298758,-9.62962963,2479.388889,3.251877273,39.11111111,91.68744444,6.575,10496.66667,0.852222222,1.448888889,1.845,5.815555556,711.7611111,23.74444444,56.61111111,3.711111111,4.611111111,1.246111111,1.374222222,2504.944444,15.56666667,200.8777778,604.6
2s+6,0.05,0.1,0.4,0.2,0.25,5.35,4.330487021,9.08832444,-7.27,2573.35,3.216979326,39.45,92.44355,6.5785,9834,0.8935,1.581,1.8655,6.1585,695.88,24.785,54.25,3.5675,4.7,1.287,1.4154,2604.35,9.73,198.425,606.8
1s+10,0.1,0.2,0.35,0.15,0.2,5.6,5.527691777,10.32159337,-8.94,2449.45,2.827989583,36.3,84.20695,6.288,9298,0.8765,1.5325,1.872,5.7595,693.435,23.61,55.05,3.55,4.55,1.2675,1.4005,2482.2,10.545,189.47,609.4
1s+16,0.05,0.2,0.3,0.2,0.25,5.55,5.053267602,9.805861065,-6.33,2593.05,4.016917541,39.65,92.85645,6.6095,10099,0.8865,1.533,1.8795,6.0835,695.36,25.005,54.85,3.5875,4.7,1.273,1.4052,2622.55,9.43,203.585,610.2
2s+16,0.3,0.45,0.05,0.15,0.05,6.8,4.92126925,8.481057625,-5.52,2203.2,3.385048217,30,67.05495,5.763,8627.5,0.8175,1.325,1.8895,4.8725,695.415,21.23,58.55,3.57,4.25,1.2035,1.3411,2228.95,14.17,186.6,611.6
1s+6,0.35,0.15,0.2,0.15,0.15,6.65,6.077062518,10.46284743,-11.89,2310.85,2.033479477,34.85,79.96785,6.211,9520.5,0.8295,1.4045,1.8335,5.4795,713.195,22.065,57.8,3.6675,4.45,1.2355,1.3558,2331.35,17.855,195.035,614.8
2s+15,0.15,0.15,0.05,0.3,0.35,6.35,4.88238435,9.031999972,-2.97,2837.4,8.628753105,47.25,112.1622,7.389,12440.5,0.87,1.424,1.8595,6.677,719.55,27.185,56.75,3.8025,5,1.259,1.3777,2848.15,13.57,243.855,616.6
2s+20,0.1,0.2,0.25,0.2,0.25,5.8,5.326993477,10.35336827,-7.12,2584.8,3.758621671,39.9,93.40975,6.6475,10317,0.8765,1.4995,1.8725,6.0605,700.38,24.88,55.5,3.625,4.7,1.265,1.3947,2611.05,10.985,207.24,620.6
2s+26,0.05,0.3,0.4,0.1,0.15,5.35,5.845413964,9.661389666,-7.87,2342.05,2.875153452,32.65,74.86375,5.9215,8326,0.8795,1.551,1.8925,5.4065,680.95,22.685,54.55,3.4575,4.4,1.264,1.4066,2383.05,8.25,173.205,622.4
first+10,0.25,0.25,0.25,0.0625,0.1875,6.25,6.188070312,12.69446492,-11.4375,2328.9375,2.584884405,34.75,80.167125,6.165625,9403.75,0.84375,1.4425,1.851875,5.43,704.48125,22.3375,56.8125,3.63125,4.4375,1.239375,1.37,2357.6875,15.2125,187.1125,633
1s+17,0.15,0.15,0.15,0.25,0.3,6.15,5.151030296,10.10064397,-5.94,2702.05,4.594687716,43.65,102.9594,7.0295,11421.5,0.87,1.457,1.859,6.376,712.605,25.915,56.3,3.7275,4.85,1.2615,1.3835,2719.3,13.13,226.085,637.2
2s+19,0.1,0.15,0.45,0.15,0.15,5.4,5.355129673,9.633622756,-10.14,2352.1,2.234639456,33.6,77.20135,6.021,8430.5,0.8795,1.572,1.8685,5.5945,688.095,22.69,54.55,3.48,4.45,1.2755,1.4083,2388.85,10.08,176.76,640.4
1s+2,0.45,0.05,0.35,0.1,0.05,6.65,6.588146116,8.532986056,-20.45,2051.8,0.85613598,28.95,64.6596,5.645,7937.5,0.816,1.434,1.8085,5.005,711.21,19.515,57.85,3.5875,4.2,1.237,1.3535,2077.05,20.21,169.285,643.5
2s+2,0.05,0.05,0.65,0.05,0.2,4.85,3.873071895,7.49481913,-8.28,2332.45,2.111267014,33.75,78.227,5.9875,8114.5,0.898,1.673,1.85,5.698,686.505,22.485,53,3.4525,4.45,1.2995,1.4325,2377.2,9.79,162.795,649
1s+7,0.45,0.1,0.15,0.1,0.2,7.05,6.037909745,9.943897784,-10.84,2324.15,2.132021221,36.85,85.2635,6.415,10275,0.814,1.3635,1.805,5.575,727.75,22.055,58.75,3.7775,4.5,1.227,1.3403,2338.9,21.905,202.255,649.6
first+19,0.210526316,0.210526316,0.210526316,0.105263158,0.263157895,6.210526316,5.865305905,13.07281298,-9.041551247,2501,3.616094669,39.26315789,91.91126316,6.596315789,10482.10526,0.854736842,1.449473684,1.85,5.868421053,710.3473684,23.96842105,56.57894737,3.697368421,4.631578947,1.248421053,1.375578947,2525.210526,14.88421053,204.0526316,660.2
first+27,0.19047619,0.19047619,0.19047619,0.142857143,0.285714286,6.19047619,5.659437214,13.16503893,-7.945578231,2575.809524,4.267862159,41.04761905,96.48114286,6.76952381,10886.66667,0.86,1.452380952,1.851428571,6.058095238,711.9761905,24.68571429,56.47619048,3.716666667,4.714285714,1.252857143,1.378285714,2597.714286,14.46666667,211.8666667,661
first+33,0.19047619,0.19047619,0.19047619,0.19047619,0.238095238,6.19047619,5.641257156,13.34479026,-8.054421769,2538.047619,4.205107965,39.52380952,92.29495238,6.632857143,10457.14286,0.859047619,1.45047619,1.858571429,5.959047619,707.9238095,24.35238095,56.52380952,3.673809524,4.666666667,1.252380952,1.377904762,2559.952381,13.71428571,209.4952381,661
1s+33,0.55,0.05,0.3,0.05,0.05,7.05,6.61172338,8.227330034,-20.59,1987.45,0.794143131,28.45,63.36255,5.613,8089.5,0.7965,1.3845,1.7905,4.8605,719.905,18.805,58.9,3.6475,4.15,1.2225,1.3356,2009.45,23.495,168.955,661.8
first+48,0.166666667,0.166666667,0.166666667,0.25,0.25,6.166666667,5.35906484,13.21116977,-6.833333333,2615.083333,5.055850227,41.16666667,96.4135,6.795833333,10803.33333,0.865,1.453333333,1.8625,6.153333333,708.5916667,25.1,56.41666667,3.683333333,4.75,1.2575,1.381,2634.25,12.98333333,218.0333333,668
2s+31,0.7,0.05,0.15,0.05,0.05,7.8,5.757702254,6.932326984,-13.66,1962.7,0.996052575,29.2,65.02245,5.727,8743.5,0.7665,1.284,1.7695,4.7915,734.965,18.43,60.85,3.76,4.15,1.1985,1.3041,1974.95,28.16,179.92,672.6
2s+32,0.05,0.4,0.4,0.05,0.1,5.35,6.275707972,9.254128068,-8.23,2226.4,2.503449664,29.25,66.07385,5.593,7572,0.8725,1.536,1.906,5.0305,673.485,21.635,54.7,3.4025,4.25,1.2525,1.4022,2272.4,7.51,160.595,674.4
first+34,0.181818182,0.181818182,0.181818182,0.181818182,0.272727273,6.181818182,5.554278398,13.25390194,-7.537190083,2590.090909,4.554590045,41.09090909,96.45654545,6.779090909,10856.36364,0.861818182,1.452727273,1.855454545,6.092727273,710.7454545,24.83636364,56.45454545,3.704545455,4.727272727,1.254545455,1.379272727,2611,13.92727273,214.1090909,676.8
first+41,0.173913043,0.173913043,0.173913043,0.217391304,0.260869565,6.173913043,5.454267068,13.26013895,-7.168241966,2603.130435,4.815388686,41.13043478,96.43408696,6.787826087,10828.69565,0.863478261,1.453043478,1.859130435,6.124347826,709.6217391,24.97391304,56.43478261,3.693478261,4.739130435,1.256086957,1.380173913,2623.130435,13.43478261,216.1565217,682.4
first+20,0.2,0.2,0.2,0.1,0.3,6.2,5.770092692,12.9458383,-8.4,2560.1,3.945552455,41,96.5082,6.759,10920,0.858,1.452,1.847,6.02,713.33,24.52,56.5,3.73,4.7,1.251,1.3772,2583.1,15.06,209.4,684.2
2s+14,0.15,0.05,0.3,0.25,0.25,5.85,4.804549024,9.495586037,-9.43,2594.85,2.612897288,40.85,95.74735,6.747,10421.5,0.8765,1.5205,1.8485,6.2485,707.525,24.885,55.5,3.6475,4.75,1.2765,1.3964,2616.85,12.815,210.795,698
1s+34,0.4,0.4,0.05,0.1,0.05,7.1,4.700286577,8.585084728,-6.3,2129,2.901213553,29.4,65.55145,5.7155,8647,0.8015,1.2995,1.8645,4.7655,704.37,20.41,59.3,3.62,4.2,1.196,1.3283,2152.25,17.605,183.69,700
1s+4,0.1,0.3,0.35,0.1,0.15,5.6,6.020757012,10.33809395,-9.24,2333.8,2.611151911,32.9,75.41705,5.9595,8544,0.8695,1.5175,1.8855,5.3835,685.97,22.56,55.2,3.495,4.4,1.256,1.3961,2371.55,9.805,176.86,704
first+17,0.235294118,0.235294118,0.235294118,0.117647059,0.176470588,6.235294118,6.060562047,13.12974428,-10.62975779,2361.941176,2.917440292,35.17647059,81.09494118,6.213529412,9451.764706,0.847058824,1.443529412,1.857058824,5.511764706,703.3294118,22.67058824,56.76470588,3.620588235,4.470588235,1.242352941,1.371764706,2389,14.47058824,191.4705882,710
1s+12,0.25,0.2,0.1,0.2,0.25,6.55,5.603439642,10.35336827,-6.13,2560.05,4.323840201,40.65,95.06965,6.7615,10971,0.8465,1.399,1.8515,5.9915,715.44,24.505,57.45,3.7375,4.7,1.241,1.3632,2576.55,15.65,218.205,710.2
first+25,0.210526316,0.210526316,0.210526316,0.157894737,0.210526316,6.210526316,5.843648624,13.33206521,-9.174515235,2459.263158,3.573709994,37.57894737,87.28442105,6.445263158,10007.36842,0.853684211,1.447368421,1.857894737,5.758947368,705.8684211,23.6,56.63157895,3.65,4.578947368,1.247894737,1.375157895,2483.473684,14.05263158,201.4315789,716.2
first+8,0.285714286,0.285714286,0.285714286,0.071428571,0.071428571,6.285714286,6.38119983,12.06199294,-13.95918367,2135.5,1.845264488,29.14285714,65.35528571,5.639285714,7998.571429,0.832857143,1.434285714,1.860714286,4.934285714,695.1214286,20.52857143,57.07142857,3.528571429,4.214285714,1.230714286,1.364571429,2168.357143,14.75714286,169.4142857,718.4
first+11,0.235294118,0.235294118,0.235294118,0.058823529,0.235294118,6.235294118,6.086974384,12.70766391,-10.46366782,2408.588235,2.925124376,37.05882353,86.26611765,6.382352941,9982.352941,0.848235294,1.445882353,1.848235294,5.634117647,708.3352941,23.08235294,56.70588235,3.673529412,4.529411765,1.242941176,1.372235294,2435.647059,15.4,194.4,721.4
first+32,0.2,0.2,0.2,0.2,0.2,6.2,5.73050853,13.3808668,-8.64,2480.8,3.84204333,37.8,87.7172,6.472,10018,0.856,1.448,1.862,5.812,704.82,23.82,56.6,3.64,4.6,1.25,1.3764,2503.8,13.48,204.42,722.2
first+18,0.222222222,0.222222222,0.222222222,0.111111111,0.222222222,6.222222222,5.962422875,13.14521344,-9.777777778,2435.333333,3.274054411,37.33333333,86.80355556,6.415555556,9995.555556,0.851111111,1.446666667,1.853333333,5.7,707.0333333,23.35555556,56.66666667,3.661111111,4.555555556,1.245555556,1.373777778,2460.888889,14.68888889,198.1111111,723.2
2s+35,0.45,0.1,0.25,0.1,0.1,6.85,6.361184591,9.697608166,-16.06,2149.15,1.297734408,31.65,71.6652,5.912,8805,0.813,1.3945,1.812,5.17,716.55,20.435,58.35,3.6575,4.3,1.229,1.3457,2170.4,20.675,181.995,726.4
first+40,0.181818182,0.181818182,0.181818182,0.227272727,0.227272727,6.181818182,5.537364469,13.32999587,-7.636363636,2554.045455,4.458328203,39.63636364,92.46063636,6.648636364,10446.36364,0.860909091,1.450909091,1.862272727,5.998181818,706.8772727,24.51818182,56.5,3.663636364,4.681818182,1.254090909,1.378909091,2574.954545,13.20909091,211.8454545,726.8
2s+21,0.2,0.15,0.15,0.3,0.2,6.3,5.398348442,10.08414339,-7.15,2566.65,3.619925402,39.7,92.31805,6.6725,10453.5,0.8585,1.437,1.863,6.0465,707.77,24.63,56.8,3.66,4.7,1.254,1.3753,2583.9,13.28,217.12,730.2
first+16,0.25,0.25,0.25,0.125,0.125,6.25,6.158306183,12.96635773,-11.625,2279.375,2.542382078,32.75,74.67275,5.98625,8840,0.8425,1.44,1.86125,5.3,699.1625,21.9,56.875,3.575,4.375,1.23875,1.3695,2308.125,14.225,184,730.8
first+1,0.307692308,0.307692308,0.307692308,0,0.076923077,6.307692308,6.508984952,10.6859262,-15.33727811,2077.461538,1.447427668,28.15384615,63.00261538,5.536153846,7827.692308,0.827692308,1.432307692,1.854615385,4.789230769,695.9076923,19.95384615,57.15384615,3.534615385,4.153846154,1.226153846,1.361846154,2112.846154,15.69230769,162.3538462,732.6
2s+36,0.55,0.05,0.2,0.05,0.15,7.25,6.280319115,9.021126853,-14.77,2162.45,1.320767486,33.65,76.96085,6.116,9559.5,0.7975,1.3535,1.7835,5.2655,731.105,20.425,59.3,3.7675,4.35,1.2205,1.3302,2177.95,24.725,189.215,736
first+7,0.307692308,0.307692308,0.307692308,0.076923077,0,6.307692308,6.464450347,10.6859262,-15.62130178,2016.461538,1.379383069,25.69230769,56.24030769,5.315384615,7133.846154,0.826153846,1.429230769,1.866153846,4.629230769,689.3615385,19.41538462,57.23076923,3.465384615,4.076923077,1.225384615,1.361230769,2051.846154,14.47692308,158.5230769,737
1s+24,0.05,0.15,0.25,0.25,0.3,5.65,4.581119732,9.495586037,-5.5,2718.55,4.693495531,43.15,101.8528,6.9535,10985.5,0.89,1.524,1.873,6.422,702.565,26.165,55,3.6525,4.85,1.2775,1.4045,2742.3,10.02,218.775,737
first+46,0.181818182,0.181818182,0.181818182,0.272727273,0.181818182,6.181818182,5.520173589,13.25390194,-7.73553719,2518,4.314286682,38.18181818,88.46472727,6.518181818,10036.36364,0.86,1.449090909,1.869090909,5.903636364,703.0090909,24.2,56.54545455,3.622727273,4.636363636,1.253636364,1.378545455,2538.909091,12.49090909,209.5818182,737.6
1s+14,0.55,0.1,0.05,0.1,0.2,7.55,5.540792295,8.569597767,-5.88,2307.65,3.36320277,37.35,86.3701,6.491,10711,0.794,1.2965,1.791,5.529,737.79,21.805,60.05,3.8525,4.5,1.211,1.3193,2315.9,25.015,209.565,738
first+26,0.2,0.2,0.2,0.15,0.25,6.2,5.750467416,13.27583125,-8.52,2520.45,3.9273555,39.4,92.1127,6.6155,10469,0.857,1.45,1.8545,5.916,709.075,24.17,56.55,3.685,4.65,1.2505,1.3768,2543.45,14.27,206.91,740
1s+20,0.55,0.2,0.05,0.1,0.1,7.55,5.097494089,8.569597767,-6.56,2152.35,2.811703316,32.35,73.1847,6.019,9506,0.786,1.2795,1.812,5.049,726.07,20.405,60.25,3.7525,4.3,1.199,1.3145,2165.6,23.485,194.465,745.8
first+45,0.19047619,0.19047619,0.19047619,0.285714286,0.142857143,6.19047619,5.603984234,13.16503893,-8.272108844,2462.52381,3.919100007,36.47619048,83.92257143,6.35952381,9598.095238,0.857142857,1.446666667,1.872857143,5.760952381,699.8190476,23.68571429,56.61904762,3.588095238,4.571428571,1.251428571,1.377142857,2484.428571,12.20952381,204.752381,747
1s+5,0.2,0.25,0.25,0.1,0.2,6.1,6.033571127,11.11517238,-10.11,2394.95,2.6330645,35.9,83.11635,6.2715,9582.5,0.8535,1.459,1.861,5.5775,701.87,23.01,56.4,3.62,4.5,1.246,1.3775,2423.7,13.68,191.72,749.8
first+47,0.173913043,0.173913043,0.173913043,0.260869565,0.217391304,6.173913043,5.438470083,13.26013895,-7.258979206,2568.652174,4.69221412,39.73913043,92.61191304,6.663043478,10436.52174,0.862608696,1.451304348,1.865652174,6.033913043,705.9217391,24.66956522,56.47826087,3.654347826,4.695652174,1.255652174,1.379826087,2588.652174,12.74782609,213.9913043,758.8
first+39,0.19047619,0.19047619,0.19047619,0.238095238,0.19047619,6.19047619,5.622773996,13.34479026,-8.163265306,2500.285714,4.087309084,38,88.1087619,6.496190476,10027.61905,0.858095238,1.448571429,1.865714286,5.86,703.8714286,24.01904762,56.57142857,3.630952381,4.619047619,1.251904762,1.37752381,2522.190476,12.96190476,207.1238095,761
first+36,0.222222222,0.222222222,0.222222222,0.277777778,0.055555556,6.222222222,5.889003174,12.6298758,-10.22222222,2303.166667,2.845634572,32,72.15188889,5.937222222,8492.222222,0.847777778,1.44,1.878333333,5.353333333,692.85,22.18888889,56.83333333,3.511111111,4.388888889,1.243888889,1.372444444,2328.722222,12.05555556,189.8111111,766.8
first+9,0.266666667,0.266666667,0.266666667,0.066666667,0.133333333,6.266666667,6.287260769,12.52583156,-12.58666667,2238.666667,2.227846525,32.13333333,73.25493333,5.92,8748,0.838666667,1.438666667,1.856,5.198666667,700.1133333,21.49333333,56.93333333,3.583333333,4.333333333,1.235333333,1.367466667,2269.333333,15,178.8533333,768
first+24,0.222222222,0.222222222,0.222222222,0.166666667,0.166666667,6.222222222,5.938375636,13.30216239,-9.925925926,2391.277778,3.204654716,35.55555556,81.91966667,6.256111111,9494.444444,0.85,1.444444444,1.861666667,5.584444444,702.3055556,22.96666667,56.72222222,3.611111111,4.5,1.245,1.373333333,2416.833333,13.81111111,195.3444444,770.2
1s+1,0.3,0.2,0.4,0.05,0.05,6.1,6.616755617,9.971664693,-17.76,2058.25,1.155640701,27.5,61.2154,5.4695,7397,0.836,1.48,1.8465,4.863,694.025,19.76,56.55,3.49,4.15,1.2415,1.3728,2094.25,15.27,158.42,772.4
first+31,0.210526316,0.210526316,0.210526316,0.210526316,0.157894737,6.210526316,5.821616995,13.33206521,-9.307479224,2417.526316,3.462872998,35.89473684,82.65757895,6.294210526,9532.631579,0.852631579,1.445263158,1.865789474,5.649473684,701.3894737,23.23157895,56.68421053,3.602631579,4.526315789,1.247368421,1.374736842,2441.736842,13.22105263,198.8105263,774.8
2s+28,0.25,0.2,0.2,0.15,0.2,6.35,5.921076962,10.90993291,-9.75,2424.7,2.713160444,37.05,85.86685,6.402,9952,0.8465,1.432,1.851,5.6905,708.495,23.235,57,3.6625,4.55,1.2435,1.369,2447.7,15.21,200.435,776.8
2s+25,0.05,0.25,0.6,0.05,0.05,4.95,5.853247382,7.920267183,-8.97,2109.35,1.86249895,26.35,58.65535,5.295,6439.5,0.8825,1.6235,1.8885,4.9405,668.665,20.495,53.6,3.3125,4.15,1.2745,1.4202,2160.85,7.345,142.725,795.8
first+2,0.285714286,0.285714286,0.285714286,0,0.142857143,6.285714286,6.419403732,11.23873213,-13.71428571,2192.142857,1.796441089,31.42857143,71.63457143,5.844285714,8642.857143,0.834285714,1.437142857,1.85,5.082857143,701.2,21.02857143,57,3.592857143,4.285714286,1.231428571,1.365142857,2225,15.88571429,172.9714286,798.2
first+38,0.2,0.2,0.2,0.25,0.15,6.2,5.71021196,13.27583125,-8.76,2441.15,3.699577105,36.2,83.3217,6.3285,9567,0.855,1.446,1.8695,5.708,700.565,23.47,56.65,3.595,4.55,1.2495,1.376,2464.15,12.69,201.93,803.6
first+44,0.2,0.2,0.2,0.3,0.1,6.2,5.689573514,12.9458383,-8.88,2401.5,3.501062012,34.6,78.9262,6.185,9116,0.854,1.444,1.877,5.604,696.31,23.12,56.7,3.55,4.5,1.249,1.3756,2424.5,11.9,199.44,806.2
first+43,0.210526316,0.210526316,0.210526316,0.315789474,0.052631579,6.210526316,5.776410806,12.49648961,-9.573407202,2334.052632,3.046717208,32.52631579,73.40389474,5.992105263,8583.157895,0.850526316,1.441052632,1.881578947,5.430526316,692.4315789,22.49473684,56.78947368,3.507894737,4.421052632,1.246315789,1.373894737,2358.263158,11.55789474,193.5684211,808.4
2s+34,0.3,0.2,0.3,0.1,0.1,6.3,6.34522397,10.59644054,-14.56,2193.6,1.596452746,31.1,70.4182,5.829,8416,0.836,1.447,1.847,5.164,700.97,21.03,57,3.565,4.3,1.239,1.367,2223.1,15.71,176.19,810.4
1s+13,0.4,0.15,0.05,0.2,0.2,7.1,5.569621331,9.334614058,-5.61,2437.95,4.056563697,38.7,89.72395,6.6085,10757.5,0.8195,1.338,1.827,5.7575,725.16,23.21,58.9,3.78,4.6,1.225,1.3395,2448.7,19.85,216.46,810.6
first+4,0.25,0.25,0.25,0,0.25,6.25,6.217289826,11.52565132,-11.25,2378.5,2.436778814,36.75,85.6615,6.345,9967.5,0.845,1.445,1.8425,5.56,709.8,22.775,56.75,3.6875,4.5,1.24,1.3705,2407.25,16.2,190.225,814.4
first+14,0.285714286,0.285714286,0.285714286,0.142857143,0,6.285714286,6.342231658,11.23873213,-14.20408163,2078.857143,1.644859496,26.85714286,59.076,5.434285714,7354.285714,0.831428571,1.431428571,1.871428571,4.785714286,689.0428571,20.02857143,57.14285714,3.464285714,4.142857143,1.23,1.364,2111.714286,13.62857143,165.8571429,815.8
first+23,0.235294118,0.235294118,0.235294118,0.176470588,0.117647059,6.235294118,6.03367163,13.12974428,-10.79584775,2315.294118,2.815825158,33.29411765,75.92376471,6.044705882,8921.176471,0.845882353,1.441176471,1.865882353,5.389411765,698.3235294,22.25882353,56.82352941,3.567647059,4.411764706,1.241764706,1.371294118,2342.352941,13.54117647,188.5411765,823
1s+26,0.25,0.55,0.05,0.1,0.05,6.65,4.636032093,8.105793895,-4.95,2183.3,3.575228245,28.95,64.5109,5.648,8390.5,0.821,1.328,1.9065,4.722,688.53,21.115,58.25,3.5375,4.2,1.199,1.3445,2214.05,12.49,180.465,825
1s+11,0.2,0.15,0.25,0.2,0.2,6.1,5.671590278,10.59965788,-9.97,2470.95,2.627003475,37.7,87.51075,6.4565,9885.5,0.8595,1.472,1.855,5.8495,705.08,23.71,56.3,3.63,4.6,1.257,1.3815,2494.7,13.63,201.84,829.7
first+30,0.222222222,0.222222222,0.222222222,0.222222222,0.111111111,6.222222222,5.913904426,13.14521344,-10.07407407,2347.222222,3.062786403,33.77777778,77.03577778,6.096666667,8993.333333,0.848888889,1.442222222,1.87,5.468888889,697.5777778,22.57777778,56.77777778,3.561111111,4.444444444,1.244444444,1.372888889,2372.777778,12.93333333,192.5777778,834.6
first+29,0.235294118,0.235294118,0.235294118,0.235294118,0.058823529,6.235294118,6.006295787,12.70766391,-10.96193772,2268.647059,2.629936888,31.41176471,70.75258824,5.875882353,8390.588235,0.844705882,1.438823529,1.874705882,5.267058824,693.3176471,21.84705882,56.88235294,3.514705882,4.352941176,1.241176471,1.370823529,2295.705882,12.61176471,185.6117647,836
first+37,0.210526316,0.210526316,0.210526316,0.263157895,0.105263158,6.210526316,5.799206084,13.07281298,-9.440443213,2375.789474,3.289914548,34.21052632,78.03073684,6.143157895,9057.894737,0.851578947,1.443157895,1.873684211,5.54,696.9105263,22.86315789,56.73684211,3.555263158,4.473684211,1.246842105,1.374315789,2400,12.38947368,196.1894737,836
2s+33,0.2,0.25,0.4,0.1,0.05,5.8,6.389024705,9.850128554,-14.07,2132.45,1.492886044,28.1,62.7189,5.517,7377.5,0.852,1.5055,1.8715,4.97,685.07,20.58,55.8,3.44,4.2,1.249,1.3856,2170.95,11.835,161.33,841.4
first+15,0.266666667,0.266666667,0.266666667,0.133333333,0.066666667,6.266666667,6.253397719,12.52583156,-12.8,2185.8,2.138981455,30,67.39426667,5.728666667,8146.666667,0.837333333,1.436,1.866,5.06,694.44,21.02666667,57,3.523333333,4.266666667,1.234666667,1.366933333,2216.466667,13.94666667,175.5333333,847.8
first+35,0.235294118,0.235294118,0.235294118,0.294117647,0,6.235294118,5.978426922,11.48403281,-11.12802768,2222,2.293085678,29.52941176,65.58141176,5.707058824,7860,0.843529412,1.436470588,1.883529412,5.144705882,688.3117647,21.43529412,56.94117647,3.461764706,4.294117647,1.240588235,1.370352941,2249.058824,11.68235294,182.6823529,851
first+21,0.266666667,0.266666667,0.266666667,0.2,0,6.266666667,6.218883626,11.4674358,-13.01333333,2132.933333,1.879555026,27.86666667,61.5336,5.537333333,7545.333333,0.836,1.433333333,1.876,4.921333333,688.7666667,20.56,57.06666667,3.463333333,4.2,1.234,1.3664,2163.6,12.89333333,172.2133333,858.4
first+22,0.25,0.25,0.25,0.1875,0.0625,6.25,6.127988404,12.69446492,-11.8125,2229.8125,2.396298544,30.75,69.178375,5.806875,8276.25,0.84125,1.4375,1.870625,5.17,693.84375,21.4625,56.9375,3.51875,4.3125,1.238125,1.369,2258.5625,13.2375,180.8875,861.8
first+42,0.222222222,0.222222222,0.222222222,0.333333333,0,6.222222222,5.863665615,11.38122051,-10.37037037,2259.111111,2.479317593,30.22222222,67.268,5.777777778,7991.111111,0.846666667,1.437777778,1.886666667,5.237777778,688.1222222,21.8,56.88888889,3.461111111,4.333333333,1.243333333,1.372,2284.666667,11.17777778,187.0444444,862.6
1s+8,0.65,0.05,0.2,0.05,0.05,7.55,6.150244397,7.49481913,-16.53,1970.95,0.893642696,28.95,64.46915,5.689,8525.5,0.7765,1.3175,1.7765,4.8145,729.945,18.555,60.2,3.7225,4.15,1.2065,1.3146,1986.45,26.605,176.265,862.7
first+28,0.25,0.25,0.25,0.25,0,6.25,6.097107608,11.52565132,-12,2180.25,2.094066774,28.75,63.684,5.6275,7712.5,0.84,1.435,1.88,5.04,688.525,21.025,57,3.4625,4.25,1.2375,1.3685,2209,12.25,177.775,872
2s+9,0.3,0.55,0.05,0.05,0.05,6.8,4.314112234,8.227330034,-5.44,2127.2,3.217128024,28.2,62.66055,5.578,8324.5,0.8115,1.312,1.8955,4.6005,692.205,20.53,58.65,3.56,4.15,1.1925,1.3371,2157.95,14.22,176.48,903
2s+17,0.5,0.3,0.05,0.05,0.1,7.4,4.808612585,9.044056951,-6.36,2132.45,3.032389818,31.3,70.64065,5.904,9269,0.7895,1.2825,1.829,4.8985,719.185,20.29,59.95,3.72,4.25,1.1945,1.3179,2150.7,21.805,188.33,909.2
2s+23,0.5,0.2,0.05,0.1,0.15,7.4,5.327599814,9.16881043,-6.12,2248.1,3.368039661,34.7,79.43055,6.2325,10023,0.7965,1.2975,1.8155,5.2745,726.65,21.34,59.8,3.775,4.4,1.206,1.3223,2261.35,22.545,200.94,910.5
